Name,Text,Mark,Feedback,ID,Out,Expected
Question 1,These are some descriptions...,1,Feedback...,001,True,success
,These are some descriptions...,1,Feedback...,,True,failed
One morning when Gregor Samsa woke from troubled dreams he found himself transformed in his bed into a horrible vermin. He lay on his armour-like back and if he lifted his head a little he could see his brown belly slightly domed and divided by arches into stiff sections. The bedding was hardly able to cover it and seemed ready to slide off any moment. His many legs pitifully thin compared with the size of the rest of him waved about helplessly as he looked. "What's happened to me?" he thought. It wasn't a dream. His room a proper human,These are some descriptions...,1,Feedback...,,True,success
Question 1,,1,,,,failed
Question 1,                                ,1,,555,True,failed
Question 1,These are some descriptions...,1,,,True,failed
Question 1,These are some descriptions...,aaahihi,Feedback...,777,True,failed
Question 1,These are some descriptions...,-10,Feedback...,888,True,failed
Question 1,These are some descriptions...,1,Feedback...,100,True,failed
Question 1,These are some descriptions...,1,Feedback...,11111111111111111111111111111111111111111111111111111111111111111111111111111111111111111111111111112,True,failed